{"cameraMode":{"drawMode":0,"name":"Shaded","section":"Shading Mode"},"sceneLighting":true,"audioPlay":false,"sceneViewState":{"showFog":true,"showMaterialUpdate":true,"showSkybox":true,"showFlares":true,"showImageEffects":true,"showParticleSystems":true},"in2DMode":false,"pivot":{"x":0.04779482260346413,"y":0.41040971875190737,"z":-0.2199394702911377},"rotation":{"x":-0.18348556756973267,"y":0.05364087224006653,"z":-0.010027743875980378,"w":-0.9815065264701843},"size":20.1854305267334,"orthographic":false}